{
  "bootstrap_reps": 1998,
  "delta_mean": 0.07806025258476522,
  "delta_p2_5": -0.12246722554641405,
  "delta_p50": 0.07151284551677847,
  "delta_p97_5": 0.2998464760548094
}
