dataset,rows,score_exact_agreement,score_kappa,failure_mode_exact_agreement,failure_mode_kappa
pilot,432,0.5162037037037037,0.2450331125827815,0.0,0.0
run_01,432,0.5601851851851852,0.3126203835524664,0.5555555555555556,0.3335743726950612
run_02,432,0.5578703703703703,0.33221107154418905,0.5439814814814815,0.3347455970983453
run_03,432,0.5601851851851852,0.33072407045009794,0.5509259259259259,0.3432386684220425
all_pilot_replicates,1728,0.5486111111111112,0.305732762950162,0.41261574074074076,0.2253571513749434
